Sale_ID,Appt_ID,Transaction_Date,Total_Charge,Payment_Type,Credit_Transaction
1,1,04/28/2014,105.52,Amex,180.246.129.70
2,2,05/27/2022,248.41,Cash,
3,3,01/24/2014,231.94,Cash,
4,4,03/14/2023,95.83,Amex,236.207.53.16
5,5,03/02/2022,279.14,Mastercard,10.46.165.91
6,6,04/14/2014,60.95,Mastercard,185.233.141.124
7,7,06/13/2020,99.53,Mastercard,129.210.251.105
8,8,01/15/2019,268.83,Amex,64.20.92.36
9,9,11/11/2014,45.39,Venmo,253.188.106.241
10,10,07/15/2019,52.77,Mastercard,66.89.156.177
11,11,10/25/2016,91.43,Visa,166.159.71.128
12,12,03/23/2018,46.13,Cash,
13,13,12/18/2023,190.11,Cash,
14,14,08/20/2016,95.05,Amex,179.120.239.174
15,15,03/14/2019,169.82,Amex,112.254.24.230
16,16,09/12/2023,192.06,Cash,
17,17,10/08/2016,152.67,Visa,188.172.177.205
18,18,06/02/2019,284.05,Venmo,142.1.9.121
19,19,02/08/2022,110.90,Venmo,7.249.127.155
20,20,08/06/2018,36.48,Cash,
21,21,03/26/2014,267.38,Amex,160.22.101.204
22,22,03/17/2022,117.66,Mastercard,56.154.151.116
23,23,07/29/2020,33.39,Amex,32.104.42.56
24,24,05/11/2023,130.66,Visa,25.159.214.75
25,25,06/15/2021,199.88,Mastercard,239.55.156.224
26,26,12/17/2022,150.53,Mastercard,141.88.166.168
27,27,09/24/2021,186.88,Venmo,251.174.129.212
28,28,05/02/2021,49.70,Visa,10.109.50.155
29,29,08/24/2017,57.38,Venmo,216.82.250.69
30,30,01/24/2019,149.73,Visa,80.63.144.165
31,31,06/10/2018,60.91,Visa,34.183.35.90
32,32,07/03/2022,152.17,Cash,
33,33,02/04/2019,52.99,Amex,92.202.47.96
34,34,10/04/2018,91.64,Mastercard,212.244.240.145
35,35,09/27/2020,157.15,Mastercard,158.72.219.140
36,36,12/27/2015,60.95,Venmo,123.228.145.48
37,37,09/05/2020,291.74,Cash,
38,38,01/28/2023,276.65,Mastercard,64.52.223.210
39,39,10/02/2015,255.48,Visa,210.186.79.221
40,40,12/05/2021,246.99,Mastercard,183.18.46.169
41,41,09/15/2017,183.09,Mastercard,231.68.217.209
42,42,07/24/2019,245.21,Cash,
43,43,05/23/2023,37.27,Mastercard,224.132.92.199
44,44,11/12/2020,179.55,Mastercard,99.73.75.241
45,45,11/19/2015,263.09,Mastercard,89.213.176.192
46,46,04/30/2018,257.49,Mastercard,215.112.8.79
47,47,12/17/2015,156.64,Venmo,227.147.77.216
48,48,07/27/2014,297.79,Amex,144.149.10.23
49,49,09/24/2018,183.12,Mastercard,123.34.6.237
50,50,01/31/2018,236.96,Visa,142.219.92.75
51,51,01/18/2019,156.34,Visa,53.50.123.186
52,52,10/15/2019,46.37,Venmo,152.11.254.3
53,53,12/21/2020,62.72,Venmo,32.87.131.97
54,54,12/07/2015,259.07,Amex,0.117.178.197
55,55,02/19/2014,257.27,Cash,
56,56,02/23/2017,265.55,Cash,
57,57,04/22/2024,292.53,Venmo,219.60.249.2
58,58,11/23/2015,59.97,Cash,
59,59,05/02/2014,177.01,Visa,42.45.210.33
60,60,01/16/2016,79.00,Visa,2.155.17.217
61,61,02/01/2020,216.46,Cash,
62,62,01/10/2021,199.60,Venmo,6.86.64.114
63,63,09/16/2017,238.62,Cash,
64,64,11/13/2019,243.69,Mastercard,224.7.77.179
65,65,12/13/2018,108.94,Mastercard,216.155.156.66
66,66,05/01/2020,32.83,Venmo,51.18.107.134
67,67,03/17/2020,97.85,Cash,
68,68,03/11/2021,76.97,Visa,76.136.47.237
69,69,04/13/2019,64.47,Mastercard,100.74.62.176
70,70,05/08/2024,185.56,Venmo,16.46.49.242
71,71,12/14/2017,82.24,Amex,68.254.9.61
72,72,07/17/2015,243.03,Venmo,234.175.29.145
73,73,03/12/2024,163.92,Cash,
74,74,01/22/2016,158.08,Cash,
75,75,01/28/2022,272.56,Amex,153.49.250.99
76,76,09/15/2019,266.57,Venmo,218.70.185.104
77,77,12/07/2015,66.77,Mastercard,34.110.76.97
78,78,11/23/2017,65.10,Visa,112.134.158.107
79,79,10/08/2016,68.69,Visa,149.84.198.90
80,80,05/20/2017,250.94,Cash,
81,81,01/16/2014,128.63,Cash,
82,82,01/22/2023,207.55,Mastercard,51.213.50.56
83,83,05/22/2018,41.72,Venmo,81.8.165.137
84,84,08/29/2020,59.78,Amex,23.205.148.22
85,85,05/31/2017,66.10,Cash,
86,86,11/06/2018,50.75,Mastercard,1.253.33.123
87,87,10/10/2015,268.78,Mastercard,128.224.121.35
88,88,07/02/2015,168.49,Visa,59.243.249.207
89,89,08/23/2020,195.60,Venmo,89.202.116.3
90,90,10/31/2017,66.91,Mastercard,144.31.173.201
91,91,01/15/2019,191.51,Venmo,163.218.10.93
92,92,12/11/2020,262.99,Venmo,59.33.25.185
93,93,08/29/2022,66.73,Venmo,3.167.105.165
94,94,08/24/2014,171.23,Amex,8.169.221.55
95,95,10/01/2015,245.48,Venmo,4.195.190.195
96,96,07/27/2015,40.25,Cash,
97,97,03/08/2023,275.51,Visa,118.135.3.203
98,98,03/31/2017,99.36,Amex,110.177.192.173
99,99,02/18/2024,219.40,Amex,103.6.242.179
100,100,04/23/2024,128.05,Visa,247.22.220.62
101,101,05/27/2021,193.75,Amex,44.100.152.180
102,102,09/08/2015,238.43,Venmo,141.183.178.248
103,103,06/20/2016,167.63,Cash,
104,104,09/17/2014,299.09,Cash,
105,105,11/13/2014,213.09,Venmo,0.14.96.255
106,106,12/24/2016,258.83,Mastercard,15.20.104.40
107,107,04/07/2018,161.02,Mastercard,188.251.139.29
108,108,09/02/2022,168.93,Amex,145.114.25.187
109,109,11/15/2015,236.42,Visa,14.52.84.76
110,110,07/12/2019,129.96,Amex,42.118.237.73
111,111,12/01/2018,212.23,Visa,116.35.174.178
112,112,04/03/2014,289.26,Mastercard,194.3.177.141
113,113,08/05/2017,65.12,Cash,
114,114,09/14/2022,215.27,Venmo,87.85.161.122
115,115,04/18/2019,69.00,Visa,141.208.78.254
116,116,07/17/2021,271.37,Cash,
117,117,01/20/2018,196.81,Visa,134.99.70.134
118,118,03/06/2022,279.49,Amex,133.189.212.96
119,119,11/23/2023,173.77,Cash,
120,120,12/13/2020,202.41,Mastercard,6.245.160.108
121,121,06/19/2017,153.80,Mastercard,12.81.72.89
122,122,03/11/2022,96.44,Cash,
123,123,10/28/2019,261.66,Venmo,122.110.240.60
124,124,03/22/2023,234.19,Mastercard,146.93.94.224
125,125,06/15/2016,269.19,Mastercard,63.100.169.67
126,126,01/15/2016,230.04,Mastercard,217.139.141.153
127,127,10/03/2022,207.02,Amex,26.97.216.220
128,128,03/03/2018,49.51,Cash,
129,129,08/17/2019,101.45,Mastercard,138.45.249.17
130,130,09/06/2018,244.48,Mastercard,176.51.94.44
131,131,12/08/2021,44.09,Amex,169.56.133.15
132,132,02/26/2016,292.64,Venmo,155.48.86.70
133,133,08/10/2019,215.55,Visa,80.30.31.226
134,134,02/04/2014,178.10,Venmo,180.78.45.131
135,135,01/11/2023,163.90,Mastercard,72.170.243.227
136,136,08/18/2022,282.26,Amex,94.18.107.104
137,137,08/17/2023,221.99,Mastercard,60.59.231.199
138,138,03/29/2023,133.55,Cash,
139,139,11/23/2020,158.45,Cash,
140,140,07/22/2017,171.50,Venmo,160.48.214.214
141,141,02/03/2015,199.86,Visa,19.167.230.241
142,142,01/10/2016,118.82,Visa,231.113.86.19
143,143,12/21/2022,122.30,Venmo,89.11.221.152
144,144,09/25/2016,174.13,Amex,102.91.28.56
145,145,06/23/2015,244.43,Visa,184.247.89.77
146,146,10/08/2015,70.17,Amex,194.102.215.235
147,147,05/01/2022,222.77,Venmo,241.52.134.139
148,148,04/26/2022,44.82,Visa,103.19.48.180
149,149,01/27/2022,136.19,Visa,117.146.82.188
150,150,01/31/2016,144.07,Venmo,222.67.106.71
151,151,04/15/2023,233.35,Visa,181.249.122.142
152,152,11/03/2023,284.03,Amex,86.106.127.96
153,153,12/23/2018,180.30,Amex,167.22.186.152
154,154,08/19/2014,290.05,Visa,39.92.12.253
155,155,04/14/2016,294.18,Visa,154.95.137.12
156,156,11/19/2017,295.58,Cash,
157,157,12/17/2017,37.96,Mastercard,81.105.165.129
158,158,12/05/2022,270.76,Venmo,78.1.60.28
159,159,04/02/2014,40.55,Amex,103.132.110.167
160,160,02/21/2016,233.23,Cash,
161,161,03/05/2016,88.91,Amex,155.173.80.27
162,162,03/29/2018,148.56,Cash,
163,163,03/23/2023,180.69,Cash,
164,164,10/04/2022,53.43,Amex,55.82.157.22
165,165,06/05/2018,271.89,Venmo,34.20.248.131
166,166,08/18/2023,294.49,Amex,208.238.190.10
167,167,06/22/2014,268.00,Mastercard,100.87.188.157
168,168,08/25/2014,286.44,Cash,
169,169,02/12/2016,291.82,Cash,
170,170,03/16/2017,262.71,Venmo,152.70.219.245
171,171,12/17/2018,293.61,Venmo,44.21.178.219
172,172,05/06/2018,90.85,Visa,161.37.115.214
173,173,06/22/2020,288.84,Amex,255.96.228.40
174,174,12/17/2020,30.62,Visa,34.211.206.232
175,175,10/10/2023,85.95,Cash,
176,176,01/05/2021,285.87,Cash,
177,177,05/05/2017,210.51,Venmo,210.6.78.217
178,178,01/07/2016,243.04,Visa,78.159.232.39
179,179,04/06/2024,159.72,Amex,104.49.206.86
180,180,11/23/2017,173.57,Amex,97.27.134.20
181,181,03/08/2022,147.55,Venmo,232.196.28.100
182,182,06/20/2021,244.54,Amex,201.237.9.22
183,183,02/11/2016,217.51,Mastercard,13.17.104.26
184,184,05/31/2020,34.00,Mastercard,134.5.25.139
185,185,02/03/2020,49.16,Cash,
186,186,08/10/2014,189.07,Amex,105.212.197.107
187,187,04/11/2019,295.02,Visa,68.181.34.228
188,188,10/17/2022,119.58,Cash,
189,189,04/16/2015,190.15,Cash,
190,190,11/10/2023,142.13,Amex,30.230.65.210
191,191,02/14/2024,210.53,Cash,
192,192,10/23/2016,81.03,Amex,73.140.195.111
193,193,06/23/2018,274.22,Amex,130.84.237.246
194,194,05/02/2014,229.78,Amex,215.63.38.142
195,195,07/21/2016,117.22,Mastercard,34.75.78.42
196,196,01/29/2024,266.17,Venmo,132.119.146.59
197,197,08/05/2019,104.98,Amex,80.2.118.234
198,198,07/03/2019,80.69,Visa,255.97.104.240
199,199,12/21/2022,237.40,Visa,174.210.67.92
200,200,05/26/2022,207.71,Amex,232.19.176.161
201,201,09/23/2017,95.74,Cash,
202,202,04/16/2023,252.95,Amex,4.201.19.92
203,203,06/07/2016,144.71,Amex,183.40.242.120
204,204,06/06/2015,73.48,Cash,
205,205,07/14/2018,151.19,Amex,129.201.200.255
206,206,05/09/2021,35.00,Amex,32.4.209.87
207,207,04/27/2023,117.33,Amex,25.210.96.217
208,208,09/29/2017,232.01,Amex,186.135.243.76
209,209,04/23/2019,61.25,Venmo,156.236.137.180
210,210,04/18/2018,65.08,Visa,67.142.206.241
211,211,06/07/2015,294.18,Venmo,141.64.86.154
212,212,02/17/2016,197.79,Venmo,86.130.223.86
213,213,09/14/2023,49.57,Amex,240.49.66.10
214,214,09/26/2020,246.02,Visa,226.82.94.7
215,215,08/16/2019,206.69,Venmo,17.115.119.11
216,216,01/24/2023,208.17,Amex,211.9.10.19
217,217,07/13/2016,38.64,Venmo,91.106.86.250
218,218,10/25/2022,237.21,Mastercard,140.214.54.79
219,219,06/22/2015,75.09,Venmo,154.220.7.125
220,220,06/04/2022,277.14,Mastercard,245.87.251.138
221,221,09/04/2017,270.00,Visa,162.142.34.92
222,222,12/11/2022,150.34,Venmo,9.239.156.24
223,223,03/09/2018,280.06,Visa,5.243.76.46
224,224,09/19/2017,137.96,Venmo,73.178.54.38
225,225,06/03/2015,43.99,Mastercard,180.110.201.63
226,226,12/17/2019,35.03,Cash,
227,227,06/30/2021,264.53,Amex,136.105.107.248
228,228,11/20/2018,123.62,Amex,142.55.160.165
229,229,11/03/2020,96.55,Mastercard,93.119.254.239
230,230,08/17/2016,108.81,Cash,
231,231,11/29/2018,64.89,Visa,149.57.204.219
232,232,03/21/2022,203.16,Amex,23.58.132.79
233,233,07/03/2021,218.71,Visa,187.158.5.88
234,234,04/14/2016,95.49,Amex,1.4.162.24
235,235,11/19/2017,286.73,Venmo,223.214.126.254
236,236,03/10/2019,152.75,Venmo,129.254.217.174
237,237,09/25/2019,270.94,Cash,
238,238,11/15/2017,165.40,Cash,
239,239,06/13/2015,246.55,Venmo,155.102.171.181
240,240,05/12/2017,199.94,Cash,
241,241,09/09/2022,207.60,Cash,
242,242,08/15/2015,44.51,Cash,
243,243,04/03/2023,123.52,Venmo,69.196.43.102
244,244,08/01/2019,283.76,Visa,178.12.44.65
245,245,01/09/2021,86.32,Visa,250.90.52.23
246,246,07/30/2017,259.07,Cash,
247,247,12/21/2015,279.33,Amex,27.236.117.176
248,248,03/03/2024,295.53,Amex,147.8.141.75
249,249,12/20/2014,53.42,Venmo,135.12.206.58
250,250,01/15/2020,74.07,Venmo,46.42.212.230
251,251,02/18/2023,101.18,Cash,
252,252,05/13/2019,155.82,Mastercard,54.122.227.48
253,253,10/13/2023,180.72,Mastercard,112.142.27.146
254,254,04/01/2023,247.02,Cash,
255,255,09/12/2015,165.80,Mastercard,126.19.222.168
256,256,03/11/2019,250.77,Cash,
257,257,07/15/2014,245.89,Mastercard,41.229.142.99
258,258,10/06/2020,116.75,Amex,41.220.1.6
259,259,08/21/2016,160.03,Venmo,247.57.66.247
260,260,06/14/2015,108.99,Amex,13.91.132.82
261,261,11/24/2023,65.49,Amex,192.56.211.158
262,262,09/11/2022,103.32,Mastercard,137.186.239.72
263,263,11/15/2020,229.52,Mastercard,130.249.72.46
264,264,04/25/2021,271.33,Mastercard,201.252.195.59
265,265,12/16/2021,149.46,Mastercard,79.26.86.94
266,266,08/08/2019,218.00,Venmo,217.20.6.139
267,267,02/06/2019,115.11,Amex,135.19.129.17
268,268,02/14/2018,168.33,Amex,222.64.13.144
269,269,07/29/2022,53.20,Mastercard,56.18.211.78
270,270,03/29/2020,226.67,Visa,86.217.172.32
271,271,04/02/2021,82.10,Cash,
272,272,10/14/2017,150.48,Mastercard,142.47.4.63
273,273,07/18/2019,274.47,Cash,
274,274,11/23/2016,275.98,Amex,177.43.102.124
275,275,10/16/2015,226.72,Visa,3.73.236.38
276,276,05/27/2016,129.31,Venmo,110.204.97.219
277,277,09/05/2020,99.37,Cash,
278,278,06/15/2022,115.29,Cash,
279,279,10/08/2017,127.67,Visa,159.69.108.196
280,280,09/15/2015,70.39,Mastercard,41.20.52.74
281,281,08/17/2022,208.89,Amex,47.223.206.115
282,282,02/25/2018,275.50,Cash,
283,283,09/02/2014,118.07,Venmo,241.253.154.187
284,284,07/19/2022,194.16,Venmo,165.13.95.203
285,285,03/22/2022,143.33,Visa,237.123.249.149
286,286,04/02/2019,224.65,Visa,181.30.153.162
287,287,06/22/2017,71.27,Visa,170.49.146.236
288,288,09/16/2017,46.50,Mastercard,69.187.191.66
289,289,05/31/2023,210.74,Venmo,26.58.75.198
290,290,12/06/2020,140.19,Venmo,80.102.53.61
291,291,02/03/2016,236.69,Cash,
292,292,12/09/2020,235.38,Cash,
293,293,04/27/2022,235.36,Visa,75.107.212.155
294,294,05/19/2017,274.50,Venmo,202.127.254.14
295,295,11/16/2021,82.73,Cash,
296,296,07/24/2017,174.83,Mastercard,143.228.213.50
297,297,01/17/2021,135.53,Visa,7.173.147.69
298,298,04/15/2018,112.01,Venmo,198.74.20.121
299,299,04/25/2020,172.59,Amex,82.37.93.76
300,300,07/22/2014,74.09,Cash,
301,301,09/24/2018,54.07,Venmo,5.137.71.254
302,302,03/21/2020,80.13,Visa,140.127.140.170
303,303,12/31/2019,112.17,Venmo,251.189.185.41
304,304,09/24/2019,107.18,Visa,64.33.120.191
305,305,04/11/2017,184.70,Visa,88.35.44.116
306,306,03/15/2014,226.31,Cash,
307,307,07/23/2017,65.85,Venmo,104.206.30.193
308,308,08/18/2016,142.28,Amex,180.252.193.252
309,309,10/31/2016,162.99,Visa,242.238.179.240
310,310,11/06/2017,156.40,Mastercard,250.199.45.210
311,311,06/09/2022,118.60,Venmo,124.239.19.153
312,312,05/28/2014,293.56,Amex,180.113.232.253
313,313,08/31/2016,146.35,Mastercard,5.153.7.3
314,314,02/10/2017,99.42,Venmo,5.253.33.91
315,315,11/19/2022,279.98,Cash,
316,316,05/24/2015,169.94,Venmo,176.50.162.37
317,317,03/25/2019,278.41,Amex,138.160.168.122
318,318,02/03/2023,57.81,Venmo,224.59.106.97
319,319,04/08/2019,101.37,Cash,
320,320,12/21/2019,241.63,Amex,237.56.253.168
321,321,04/11/2020,53.16,Amex,181.34.68.83
322,322,08/27/2022,43.12,Mastercard,231.172.201.136
323,323,08/14/2020,236.10,Cash,
324,324,03/30/2016,93.13,Amex,2.42.33.246
325,325,07/15/2023,195.33,Amex,79.81.116.6
326,326,06/22/2017,196.96,Mastercard,81.209.126.69
327,327,03/15/2019,192.14,Visa,4.180.240.115
328,328,05/16/2016,245.54,Mastercard,49.35.230.204
329,329,10/26/2020,101.76,Cash,
330,330,11/23/2023,174.57,Mastercard,210.140.138.67
331,331,05/14/2016,82.20,Venmo,128.42.213.76
332,332,08/19/2017,152.50,Venmo,60.50.52.214
333,333,02/06/2015,225.13,Venmo,48.103.238.229
334,334,05/10/2016,203.91,Visa,171.21.24.145
335,335,09/28/2014,141.73,Venmo,136.234.123.126
336,336,10/15/2022,238.69,Amex,48.62.171.138
337,337,01/16/2023,197.40,Mastercard,1.223.43.30
338,338,01/26/2017,214.80,Visa,219.227.254.22
339,339,02/14/2022,84.24,Amex,166.50.45.146
340,340,02/13/2023,296.15,Visa,213.89.110.191
341,341,08/11/2017,106.58,Venmo,154.123.53.116
342,342,07/08/2021,111.70,Cash,
343,343,08/31/2020,138.11,Venmo,242.216.92.180
344,344,06/15/2014,235.27,Mastercard,211.251.212.191
345,345,07/09/2017,267.22,Venmo,138.73.221.230
346,346,01/24/2022,117.98,Cash,
347,347,08/07/2014,174.16,Mastercard,189.225.212.196
348,348,01/03/2014,97.05,Mastercard,201.44.223.170
349,349,09/17/2015,233.19,Cash,
350,350,07/20/2014,222.22,Visa,9.198.243.35
351,351,08/25/2022,152.16,Amex,64.125.81.125
352,352,11/19/2016,161.74,Visa,23.181.43.13
353,353,11/20/2014,142.91,Cash,
354,354,03/30/2019,57.52,Cash,
355,355,02/02/2019,86.07,Mastercard,15.239.145.220
356,356,04/12/2016,89.61,Amex,230.213.219.230
357,357,01/06/2017,100.04,Mastercard,142.249.72.200
358,358,09/18/2019,202.13,Visa,158.188.23.89
359,359,10/12/2014,154.22,Visa,200.41.71.153
360,360,06/21/2016,52.67,Cash,
361,361,12/13/2020,60.01,Visa,192.92.228.194
362,362,12/10/2017,128.10,Cash,
363,363,05/15/2023,108.88,Venmo,53.152.58.115
364,364,03/25/2019,193.38,Amex,123.217.77.5
365,365,03/10/2015,115.90,Mastercard,208.93.110.51
366,366,07/09/2014,109.54,Amex,1.171.20.37
367,367,01/25/2014,68.02,Venmo,58.26.164.136
368,368,09/18/2018,35.46,Visa,5.62.60.108
369,369,09/16/2020,130.05,Venmo,92.234.41.162
370,370,05/29/2021,121.09,Amex,39.165.9.116
371,371,01/10/2021,44.64,Venmo,51.143.141.125
372,372,09/01/2020,208.51,Venmo,223.61.97.139
373,373,08/16/2017,173.80,Mastercard,104.74.46.204
374,374,08/24/2021,288.26,Venmo,234.42.227.138
375,375,11/18/2021,100.80,Cash,
376,376,09/24/2017,47.78,Venmo,246.15.197.234
377,377,03/06/2016,44.35,Mastercard,5.92.8.91
378,378,10/25/2022,91.33,Venmo,42.127.118.221
379,379,04/06/2016,281.16,Mastercard,25.15.85.148
380,380,05/28/2020,38.32,Cash,
381,381,06/07/2017,75.25,Venmo,82.65.97.124
382,382,10/05/2014,67.77,Amex,139.2.66.152
383,383,12/14/2019,43.78,Visa,14.165.141.65
384,384,11/10/2018,111.51,Amex,20.75.232.31
385,385,11/18/2022,134.18,Mastercard,251.74.238.133
386,386,12/03/2015,197.20,Amex,8.118.252.13
387,387,06/11/2016,289.40,Mastercard,49.140.101.88
388,388,10/01/2022,182.55,Mastercard,182.115.82.38
389,389,08/06/2017,159.81,Venmo,24.5.159.118
390,390,11/07/2022,257.52,Venmo,1.64.1.161
391,391,03/03/2021,109.97,Visa,124.82.212.108
392,392,08/24/2016,116.34,Cash,
393,393,04/02/2024,229.92,Visa,109.18.249.79
394,394,12/25/2021,109.76,Cash,
395,395,10/29/2015,39.00,Cash,
396,396,11/03/2014,141.74,Venmo,136.34.221.165
397,397,08/24/2022,185.73,Cash,
398,398,06/05/2015,31.06,Amex,79.15.248.57
399,399,11/22/2021,132.35,Venmo,254.2.146.216
400,400,08/15/2020,142.95,Cash,
401,401,07/07/2015,136.64,Amex,111.73.245.197
402,402,09/14/2017,282.02,Mastercard,98.161.70.63
403,403,11/24/2023,99.24,Cash,
404,404,07/28/2019,47.51,Venmo,212.93.175.70
405,405,07/01/2016,273.36,Amex,146.227.218.162
406,406,03/04/2020,80.84,Cash,
407,407,05/04/2015,87.36,Mastercard,176.232.14.225
408,408,06/22/2023,62.60,Amex,88.190.144.192
409,409,06/24/2023,291.05,Venmo,70.224.124.13
410,410,03/01/2024,154.85,Cash,
411,411,01/28/2016,158.22,Visa,69.106.47.227
412,412,05/09/2023,148.40,Amex,134.189.134.97
413,413,09/12/2017,56.41,Visa,21.208.114.20
414,414,01/15/2015,269.34,Amex,17.118.8.69
415,415,10/05/2014,285.50,Cash,
416,416,11/10/2018,286.11,Mastercard,143.231.222.124
417,417,02/20/2014,122.83,Visa,121.34.254.124
418,418,02/14/2019,224.48,Amex,21.228.71.194
419,419,11/20/2021,201.99,Venmo,239.86.192.132
420,420,10/16/2017,126.93,Mastercard,106.57.229.76
421,421,01/11/2020,58.57,Visa,76.16.144.177
422,422,01/09/2014,183.72,Cash,
423,423,01/22/2015,189.01,Venmo,207.119.170.50
424,424,08/17/2018,191.64,Amex,81.158.112.118
425,425,02/10/2014,144.81,Visa,48.22.75.224
426,426,12/15/2017,252.80,Cash,
427,427,09/30/2019,203.94,Mastercard,156.50.243.78
428,428,09/10/2015,84.33,Venmo,65.192.249.32
429,429,02/06/2023,174.96,Visa,43.88.235.63
430,430,06/20/2022,239.47,Venmo,189.35.80.87
431,431,04/02/2015,123.78,Visa,237.80.86.229
432,432,07/15/2022,279.20,Cash,
433,433,04/01/2015,257.28,Amex,200.13.137.207
434,434,08/13/2022,76.51,Venmo,142.63.25.149
435,435,04/23/2018,130.71,Cash,
436,436,02/16/2022,157.51,Visa,38.22.236.197
437,437,07/30/2019,192.25,Cash,
438,438,07/14/2017,157.53,Mastercard,70.168.182.44
439,439,07/30/2019,82.40,Cash,
440,440,05/10/2020,211.55,Cash,
441,441,01/16/2019,173.60,Amex,78.186.115.0
442,442,05/04/2018,291.72,Venmo,1.208.45.190
443,443,09/12/2016,189.66,Cash,
444,444,12/27/2014,270.67,Amex,48.8.212.119
445,445,02/28/2015,216.70,Amex,194.108.66.171
446,446,05/14/2019,84.27,Mastercard,246.175.173.236
447,447,06/29/2020,278.46,Mastercard,56.88.231.31
448,448,07/05/2023,221.63,Amex,128.166.188.15
449,449,09/13/2021,60.07,Cash,
450,450,12/16/2021,296.33,Mastercard,144.167.167.115
451,451,09/16/2018,269.13,Venmo,224.0.224.226
452,452,05/11/2019,162.09,Venmo,76.204.222.242
453,453,08/11/2018,209.57,Mastercard,146.200.79.31
454,454,02/24/2022,104.25,Venmo,162.230.47.98
455,455,09/28/2021,61.95,Visa,22.79.134.220
456,456,03/18/2023,261.35,Visa,86.162.50.214
457,457,01/15/2014,233.29,Cash,
458,458,10/11/2015,170.94,Mastercard,54.19.84.230
459,459,08/09/2023,167.42,Visa,157.80.205.215
460,460,02/26/2020,67.52,Visa,189.15.229.25
461,461,11/24/2016,280.83,Mastercard,142.103.45.217
462,462,11/03/2022,226.91,Venmo,82.208.230.161
463,463,08/21/2017,101.07,Amex,15.244.4.68
464,464,05/24/2022,211.93,Cash,
465,465,08/24/2020,165.69,Amex,68.18.74.65
466,466,11/09/2021,53.26,Venmo,79.111.40.196
467,467,08/17/2014,95.58,Mastercard,232.218.140.253
468,468,06/01/2016,133.04,Venmo,222.122.190.131
469,469,06/09/2022,107.07,Amex,120.103.223.59
470,470,05/19/2021,57.77,Mastercard,185.139.237.19
471,471,08/29/2020,220.82,Visa,235.40.52.18
472,472,05/05/2014,157.07,Amex,207.104.59.70
473,473,06/20/2017,36.13,Mastercard,132.85.191.170
474,474,11/30/2015,148.32,Amex,236.174.63.187
475,475,06/11/2022,174.51,Cash,
476,476,11/01/2015,90.11,Amex,152.123.181.241
477,477,03/22/2019,97.17,Amex,227.5.63.123
478,478,05/08/2024,143.19,Venmo,188.71.231.254
479,479,09/26/2017,100.58,Amex,69.21.39.247
480,480,05/11/2021,281.57,Mastercard,229.231.120.58
481,481,03/10/2022,76.17,Cash,
482,482,08/13/2018,83.99,Visa,153.177.195.149
483,483,08/08/2018,119.13,Venmo,184.231.104.241
484,484,04/04/2018,72.88,Amex,152.158.216.110
485,485,01/14/2023,198.82,Amex,39.2.77.197
486,486,04/25/2018,234.75,Visa,55.72.232.125
487,487,07/28/2022,85.41,Visa,53.244.54.56
488,488,08/21/2018,127.74,Venmo,245.226.252.28
489,489,10/15/2022,106.79,Venmo,249.1.77.47
490,490,08/31/2015,123.79,Amex,8.68.168.158
491,491,07/01/2015,58.77,Visa,253.26.153.3
492,492,06/03/2015,55.06,Amex,247.189.238.187
493,493,06/19/2016,167.18,Visa,213.145.230.26
494,494,01/06/2014,165.52,Visa,215.7.214.198
495,495,04/07/2021,178.64,Venmo,187.144.9.237
496,496,04/17/2015,160.43,Amex,189.156.237.217
497,497,03/27/2022,91.29,Cash,
498,498,01/31/2023,205.71,Cash,
499,499,01/22/2020,183.89,Amex,62.121.25.27
500,500,05/14/2021,61.35,Amex,84.202.253.254
501,501,05/26/2019,289.55,Mastercard,1.6.142.11
502,502,02/03/2023,121.81,Cash,
503,503,06/08/2018,185.58,Amex,186.61.61.149
504,504,05/05/2018,213.09,Mastercard,240.174.223.185
505,505,01/04/2018,98.70,Cash,
506,506,01/07/2021,254.29,Amex,166.4.222.113
507,507,07/30/2018,96.89,Amex,69.164.157.60
508,508,03/05/2019,187.43,Visa,43.23.42.31
509,509,03/15/2014,295.02,Visa,44.5.90.81
510,510,01/19/2021,89.06,Mastercard,41.160.30.11
511,511,01/18/2016,99.55,Visa,40.76.44.193
512,512,12/10/2019,252.71,Visa,107.140.70.106
513,513,10/08/2017,125.64,Mastercard,147.147.154.71
514,514,02/05/2023,154.84,Visa,12.188.159.201
515,515,02/05/2023,111.05,Amex,145.232.73.143
516,516,07/26/2015,98.33,Cash,
517,517,08/02/2021,221.64,Amex,142.74.87.184
518,518,05/16/2017,266.17,Amex,176.252.179.137
519,519,06/22/2023,100.33,Mastercard,182.45.38.238
520,520,11/17/2019,125.84,Amex,250.211.32.191
521,521,10/28/2020,243.70,Venmo,31.192.31.251
522,522,05/29/2015,59.69,Visa,204.46.243.118
523,523,06/10/2020,52.81,Venmo,43.131.26.208
524,524,08/14/2021,198.20,Amex,236.172.89.113
525,525,10/26/2021,79.88,Visa,101.168.76.121
526,526,06/02/2016,193.83,Cash,
527,527,05/19/2016,267.54,Venmo,245.210.231.100
528,528,02/20/2021,261.55,Venmo,157.36.1.67
529,529,11/24/2021,160.75,Visa,179.80.72.156
530,530,06/09/2019,176.27,Cash,
531,531,07/27/2018,52.49,Cash,
532,532,02/15/2022,51.08,Amex,209.183.21.185
533,533,12/13/2016,40.33,Visa,8.66.87.145
534,534,10/22/2022,76.62,Cash,
535,535,11/15/2017,259.09,Mastercard,135.83.136.249
536,536,05/13/2018,232.28,Mastercard,57.60.164.86
537,537,09/25/2015,79.14,Venmo,39.103.50.152
538,538,01/29/2024,43.31,Venmo,2.16.104.27
539,539,01/05/2024,188.78,Cash,
540,540,05/07/2015,215.40,Visa,172.68.84.131
541,541,08/26/2020,298.98,Mastercard,136.108.180.229
542,542,09/09/2023,97.47,Visa,7.163.49.15
543,543,07/31/2023,286.59,Mastercard,155.19.86.65
544,544,08/06/2016,299.65,Amex,117.50.78.101
545,545,09/28/2014,289.36,Mastercard,21.239.241.144
546,546,04/03/2014,141.77,Amex,138.11.60.171
547,547,07/17/2018,186.13,Cash,
548,548,06/02/2021,146.19,Venmo,187.188.61.72
549,549,01/17/2024,39.66,Visa,211.91.151.63
550,550,07/29/2016,148.22,Mastercard,17.56.157.112
551,551,07/30/2020,265.42,Visa,66.236.105.249
552,552,12/20/2023,85.91,Mastercard,2.59.184.172
553,553,06/30/2018,195.33,Amex,88.196.224.26
554,554,09/19/2014,179.36,Amex,43.177.242.253
555,555,07/22/2016,131.91,Amex,248.235.16.63
556,556,03/07/2015,266.55,Cash,
557,557,12/09/2017,284.69,Mastercard,88.3.46.172
558,558,01/19/2021,204.50,Cash,
559,559,07/28/2019,223.05,Cash,
560,560,06/19/2022,126.91,Mastercard,65.137.203.112
561,561,04/01/2017,59.72,Visa,94.175.24.1
562,562,10/20/2015,297.60,Cash,
563,563,12/09/2021,70.28,Cash,
564,564,11/22/2020,298.63,Visa,72.86.155.88
565,565,09/07/2017,34.41,Venmo,163.46.7.97
566,566,09/03/2023,154.92,Mastercard,118.217.227.184
567,567,02/01/2015,220.28,Mastercard,73.135.83.22
568,568,04/09/2018,239.44,Cash,
569,569,12/25/2022,176.90,Venmo,250.95.60.159
570,570,06/05/2020,144.69,Amex,146.250.191.241
571,571,04/14/2022,79.65,Amex,164.153.210.121
572,572,08/31/2016,190.97,Mastercard,91.252.177.134
573,573,02/07/2020,74.01,Visa,44.30.74.155
574,574,10/09/2015,129.03,Cash,
575,575,09/10/2023,157.12,Visa,132.126.108.228
576,576,01/07/2021,175.21,Cash,
577,577,07/12/2016,229.80,Mastercard,109.178.148.122
578,578,05/24/2015,165.65,Cash,
579,579,10/08/2022,279.50,Venmo,237.144.24.135
580,580,10/08/2016,58.66,Visa,128.248.12.87
581,581,03/26/2021,46.34,Venmo,101.82.97.38
582,582,12/18/2017,42.05,Visa,193.155.220.160
583,583,01/31/2018,152.58,Cash,
584,584,08/08/2016,217.13,Cash,
585,585,02/05/2014,276.33,Venmo,219.120.234.133
586,586,02/12/2014,297.76,Mastercard,6.118.57.75
587,587,02/20/2022,240.92,Cash,
588,588,06/09/2022,45.43,Amex,238.140.214.241
589,589,09/02/2015,190.03,Venmo,255.68.225.225
590,590,02/29/2016,184.79,Venmo,10.47.82.99
591,591,01/23/2016,206.43,Visa,212.8.119.94
592,592,03/01/2014,168.96,Venmo,230.46.213.244
593,593,04/30/2016,48.44,Venmo,92.17.210.175
594,594,01/26/2016,152.22,Visa,85.41.166.133
595,595,10/09/2016,78.56,Venmo,45.38.196.230
596,596,08/11/2017,148.23,Amex,62.126.161.172
597,597,11/15/2019,75.83,Amex,107.129.151.254
598,598,06/20/2014,260.46,Venmo,18.200.235.97
599,599,08/30/2015,138.31,Amex,82.191.136.76
600,600,09/10/2020,151.20,Mastercard,103.64.231.223
601,601,05/21/2019,71.49,Amex,155.60.218.74
602,602,11/11/2014,44.12,Amex,76.5.17.87
603,603,02/16/2016,159.92,Visa,155.110.226.82
604,604,09/30/2022,54.74,Mastercard,183.215.238.29
605,605,03/11/2018,279.72,Cash,
606,606,07/19/2017,187.17,Amex,112.241.180.218
607,607,04/08/2018,135.35,Mastercard,145.121.169.186
608,608,02/02/2020,124.19,Visa,18.19.204.172
609,609,06/15/2015,221.51,Cash,
610,610,03/30/2022,114.60,Visa,154.50.3.30
611,611,10/17/2023,246.81,Mastercard,105.61.26.171
612,612,06/04/2015,50.42,Venmo,230.80.21.31
613,613,05/04/2014,254.96,Mastercard,60.180.148.160
614,614,01/31/2024,75.74,Cash,
615,615,01/21/2019,113.90,Cash,
616,616,07/29/2017,156.13,Amex,100.198.61.208
617,617,04/25/2016,129.42,Cash,
618,618,03/20/2023,66.43,Venmo,225.198.248.82
619,619,06/09/2023,298.61,Cash,
620,620,09/04/2016,63.57,Mastercard,37.199.246.89
621,621,12/28/2018,298.86,Amex,78.118.20.233
622,622,09/27/2014,258.96,Amex,236.97.165.174
623,623,05/22/2019,129.99,Mastercard,213.234.25.115
624,624,10/30/2018,170.01,Amex,221.86.45.30
625,625,05/25/2015,188.58,Venmo,191.130.215.138
626,626,05/16/2014,126.48,Visa,146.58.21.198
627,627,02/08/2020,223.97,Visa,232.97.54.148
628,628,04/12/2020,230.81,Amex,216.86.124.198
629,629,05/14/2014,114.22,Amex,65.89.117.196
630,630,03/21/2019,255.02,Amex,143.38.254.85
631,631,04/07/2015,223.38,Amex,182.65.83.207
632,632,04/18/2017,89.79,Cash,
633,633,02/27/2018,166.05,Visa,145.43.52.199
634,634,05/17/2021,104.93,Amex,125.154.38.47
635,635,12/23/2016,112.89,Visa,165.95.9.71
636,636,06/19/2021,271.91,Cash,
637,637,12/23/2020,228.59,Amex,212.47.242.176
638,638,04/27/2024,185.51,Cash,
639,639,09/18/2022,129.90,Venmo,133.211.162.235
640,640,01/06/2021,120.48,Mastercard,172.165.0.222
641,641,03/02/2023,267.61,Mastercard,65.100.89.176
642,642,07/02/2023,80.28,Mastercard,24.37.155.46
643,643,06/15/2019,193.64,Venmo,19.26.255.213
644,644,06/14/2019,62.91,Amex,198.171.236.114
645,645,05/09/2017,299.11,Visa,51.252.197.17
646,646,03/20/2021,65.34,Cash,
647,647,10/04/2021,104.62,Mastercard,2.245.118.143
648,648,09/16/2019,68.28,Amex,199.222.6.147
649,649,12/13/2019,190.47,Cash,
650,650,11/07/2021,140.40,Venmo,147.111.98.181
651,651,06/18/2017,44.52,Mastercard,246.254.255.82
652,652,02/27/2020,50.85,Mastercard,6.162.184.87
653,653,09/10/2021,257.56,Amex,108.141.22.209
654,654,03/23/2017,117.11,Amex,184.133.205.214
655,655,03/26/2016,49.16,Mastercard,203.68.176.133
656,656,10/28/2014,256.97,Venmo,33.61.250.46
657,657,02/09/2015,226.27,Mastercard,81.200.194.45
658,658,06/25/2019,105.03,Amex,250.235.194.248
659,659,03/12/2023,106.89,Visa,121.132.96.165
660,660,12/24/2015,100.01,Visa,53.203.172.55
661,661,09/10/2014,138.95,Cash,
662,662,06/19/2019,104.43,Cash,
663,663,09/30/2021,251.79,Mastercard,48.141.159.82
664,664,10/16/2022,142.45,Venmo,7.134.136.192
665,665,09/25/2017,127.29,Visa,193.5.175.45
666,666,12/29/2015,156.22,Cash,
667,667,01/24/2014,84.11,Visa,49.25.112.162
668,668,09/26/2016,231.15,Venmo,56.29.179.163
669,669,10/10/2016,140.71,Amex,86.121.245.89
670,670,06/24/2019,205.41,Cash,
671,671,06/01/2021,224.75,Venmo,209.118.93.65
672,672,03/28/2020,123.99,Cash,
673,673,12/27/2020,277.57,Mastercard,166.27.255.50
674,674,05/21/2016,252.03,Cash,
675,675,04/16/2023,35.68,Mastercard,139.208.81.187
676,676,10/31/2021,261.76,Visa,254.165.139.140
677,677,11/30/2023,168.16,Mastercard,233.161.118.200
678,678,08/30/2016,141.57,Venmo,124.97.157.168
679,679,10/19/2016,257.35,Visa,165.81.228.124
680,680,11/16/2019,155.42,Mastercard,158.134.42.23
681,681,07/15/2023,54.76,Cash,
682,682,07/21/2017,209.27,Venmo,236.169.30.127
683,683,07/16/2018,183.06,Venmo,121.151.174.232
684,684,04/22/2020,250.41,Visa,232.21.81.134
685,685,06/20/2016,206.26,Venmo,196.170.122.24
686,686,09/10/2021,197.56,Cash,
687,687,04/28/2021,194.34,Mastercard,99.210.209.195
688,688,09/06/2021,266.51,Amex,22.50.135.164
689,689,06/29/2016,206.38,Visa,18.246.71.80
690,690,01/03/2020,262.91,Visa,117.169.129.218
691,691,08/10/2016,174.94,Venmo,61.44.15.237
692,692,03/06/2016,227.25,Mastercard,188.41.209.102
693,693,04/10/2014,229.13,Amex,4.25.99.190
694,694,02/13/2022,286.67,Venmo,157.5.72.233
695,695,04/15/2014,249.43,Visa,47.73.107.135
696,696,08/14/2014,144.90,Amex,100.10.176.184
697,697,09/11/2023,286.03,Venmo,13.25.206.137
698,698,08/12/2014,115.42,Visa,146.74.164.126
699,699,07/29/2020,216.75,Amex,199.10.231.89
700,700,09/06/2015,105.57,Visa,166.215.140.177
701,701,10/11/2021,222.78,Mastercard,155.140.141.122
702,702,11/07/2016,280.52,Venmo,102.251.109.56
703,703,09/03/2020,112.80,Amex,16.151.166.198
704,704,02/06/2021,164.05,Venmo,221.121.82.2
705,705,03/29/2019,207.20,Cash,
706,706,09/04/2018,71.54,Mastercard,214.212.17.87
707,707,09/16/2017,292.46,Visa,229.108.151.44
708,708,11/30/2020,98.54,Amex,44.144.100.95
709,709,08/22/2018,158.00,Mastercard,223.124.211.83
710,710,04/10/2024,104.57,Cash,
711,711,02/09/2015,204.36,Amex,252.150.211.70
712,712,02/07/2020,134.67,Amex,138.138.243.136
713,713,06/04/2019,266.02,Venmo,10.118.67.234
714,714,04/17/2023,217.30,Amex,88.198.69.250
715,715,01/08/2014,91.38,Cash,
716,716,08/03/2018,108.05,Venmo,131.60.209.96
717,717,04/03/2016,192.59,Cash,
718,718,09/14/2016,249.34,Mastercard,0.22.179.205
719,719,10/20/2020,55.92,Visa,46.65.57.27
720,720,05/18/2014,107.40,Mastercard,67.177.84.174
721,721,12/22/2021,132.43,Visa,6.77.5.186
722,722,05/17/2023,200.68,Visa,20.227.168.223
723,723,12/23/2023,112.87,Mastercard,203.179.67.53
724,724,10/03/2018,81.14,Mastercard,165.219.175.35
725,725,12/27/2019,51.21,Venmo,100.135.151.14
726,726,07/16/2015,249.84,Venmo,83.100.190.220
727,727,04/15/2014,117.41,Visa,3.238.125.189
728,728,04/23/2022,275.25,Amex,100.86.253.13
729,729,06/16/2022,274.86,Amex,39.168.168.203
730,730,09/25/2015,42.44,Cash,
731,731,07/01/2017,85.52,Cash,
732,732,09/09/2014,222.27,Mastercard,8.57.237.65
733,733,01/17/2016,252.38,Venmo,17.182.196.254
734,734,06/05/2021,69.41,Venmo,5.39.230.63
735,735,09/02/2015,136.24,Mastercard,184.26.221.3
736,736,03/30/2015,208.94,Mastercard,237.218.248.53
737,737,12/25/2020,244.84,Venmo,241.226.117.203
738,738,11/21/2015,90.60,Mastercard,83.92.206.206
739,739,03/22/2016,144.57,Cash,
740,740,12/29/2016,207.74,Amex,23.101.37.103
741,741,01/15/2017,139.39,Cash,
742,742,03/05/2017,207.67,Mastercard,252.140.151.211
743,743,11/10/2021,270.94,Mastercard,106.140.114.185
744,744,10/05/2016,107.59,Mastercard,114.139.181.143
745,745,12/23/2014,55.60,Amex,138.132.130.228
746,746,05/04/2018,173.51,Amex,168.237.221.171
747,747,12/14/2014,42.63,Mastercard,34.240.176.60
748,748,01/08/2020,263.96,Visa,25.36.40.115
749,749,06/15/2015,269.50,Amex,45.177.141.11
750,750,05/10/2021,43.14,Visa,77.46.237.109
751,751,06/30/2018,177.59,Visa,163.60.132.251
752,752,08/06/2016,143.11,Mastercard,128.88.165.221
753,753,12/30/2016,220.07,Mastercard,88.100.196.178
754,754,03/23/2022,47.98,Venmo,222.56.46.128
755,755,03/11/2020,175.34,Cash,
756,756,01/04/2023,62.45,Venmo,50.231.18.15
757,757,05/09/2018,33.42,Visa,27.47.230.114
758,758,11/15/2019,190.62,Cash,
759,759,10/05/2022,59.30,Mastercard,16.186.174.29
760,760,04/19/2022,255.11,Visa,84.145.221.108
761,761,12/16/2014,184.71,Amex,135.180.150.37
762,762,05/25/2020,201.00,Amex,113.49.123.223
763,763,02/18/2016,288.68,Mastercard,164.96.70.33
764,764,08/19/2022,207.26,Mastercard,88.84.237.177
765,765,12/08/2014,42.89,Amex,116.22.192.113
766,766,01/06/2022,236.79,Venmo,68.44.13.205
767,767,01/25/2019,80.39,Visa,61.27.61.24
768,768,12/29/2021,150.67,Mastercard,104.226.128.156
769,769,06/29/2022,123.83,Cash,
770,770,11/17/2021,200.44,Venmo,41.98.1.52
771,771,06/21/2014,185.36,Cash,
772,772,03/19/2022,36.90,Mastercard,171.44.177.173
773,773,05/07/2014,199.35,Amex,51.225.253.209
774,774,01/23/2020,278.06,Visa,251.221.251.96
775,775,01/27/2020,293.35,Venmo,148.29.3.136
776,776,03/18/2014,145.90,Amex,57.224.39.154
777,777,11/10/2018,246.16,Visa,74.138.243.63
778,778,08/19/2016,208.09,Visa,78.137.104.39
779,779,08/08/2023,227.39,Mastercard,171.197.155.93
780,780,02/27/2017,123.81,Amex,33.246.133.236
781,781,01/26/2023,197.38,Cash,
782,782,12/14/2019,219.90,Amex,33.60.172.253
783,783,04/12/2021,151.21,Visa,105.197.47.218
784,784,08/25/2017,294.99,Venmo,102.19.33.69
785,785,03/25/2017,65.95,Venmo,95.132.11.113
786,786,05/08/2019,66.91,Mastercard,231.98.40.250
787,787,09/16/2015,194.89,Visa,176.192.155.52
788,788,09/02/2023,246.32,Venmo,92.151.217.58
789,789,09/06/2022,296.29,Mastercard,46.75.74.18
790,790,10/21/2021,262.19,Venmo,164.21.144.153
791,791,06/08/2017,104.25,Visa,236.217.19.136
792,792,03/03/2015,68.39,Amex,42.134.78.119
793,793,12/21/2018,205.75,Amex,202.84.245.23
794,794,03/16/2022,173.85,Amex,193.112.191.4
795,795,05/17/2016,151.19,Amex,4.70.250.53
796,796,09/08/2020,74.71,Amex,64.246.6.82
797,797,06/05/2020,248.80,Amex,145.237.136.170
798,798,02/01/2015,159.30,Visa,222.48.224.187
799,799,01/24/2015,221.28,Mastercard,100.89.30.178
800,800,11/14/2021,154.38,Visa,184.110.182.160
801,801,02/03/2020,72.16,Visa,49.176.168.225
802,802,05/17/2015,143.49,Venmo,249.133.49.8
803,803,10/16/2023,212.98,Cash,
804,804,11/04/2017,272.63,Visa,92.47.73.196
805,805,02/28/2014,200.00,Mastercard,207.229.25.131
806,806,04/13/2021,191.77,Amex,202.224.75.169
807,807,10/31/2017,51.53,Mastercard,100.184.144.242
808,808,12/07/2016,201.77,Venmo,96.151.183.61
809,809,08/25/2022,240.16,Venmo,155.169.98.214
810,810,12/23/2023,111.42,Venmo,164.207.43.195
811,811,03/02/2014,229.22,Visa,231.250.215.91
812,812,02/06/2014,72.46,Cash,
813,813,05/19/2017,195.61,Venmo,78.220.246.71
814,814,04/22/2019,299.71,Venmo,245.84.214.228
815,815,12/24/2018,110.65,Mastercard,118.141.248.117
816,816,12/09/2020,239.66,Venmo,56.254.243.48
817,817,09/06/2016,76.53,Visa,170.3.79.116
818,818,03/10/2023,249.06,Mastercard,75.46.151.190
819,819,05/12/2024,153.34,Cash,
820,820,09/03/2022,227.64,Amex,24.158.8.122
821,821,01/31/2020,256.26,Venmo,208.11.94.113
822,822,10/04/2021,185.47,Visa,34.37.192.99
823,823,02/11/2015,178.51,Visa,63.118.147.246
824,824,05/18/2014,34.53,Cash,
825,825,03/26/2018,38.44,Mastercard,179.168.69.139
826,826,04/16/2020,126.08,Venmo,134.194.242.36
827,827,08/07/2023,148.86,Venmo,230.66.87.198
828,828,02/08/2014,75.85,Venmo,23.57.125.255
829,829,01/13/2019,149.93,Venmo,76.124.31.4
830,830,10/01/2014,208.88,Visa,169.217.232.105
831,831,06/14/2015,229.61,Cash,
832,832,10/12/2018,297.55,Visa,61.195.22.166
833,833,01/16/2018,46.54,Amex,101.157.239.205
834,834,09/25/2019,255.60,Mastercard,47.186.250.41
835,835,02/14/2015,236.81,Amex,128.230.7.218
836,836,08/27/2023,149.74,Venmo,208.15.49.4
837,837,08/31/2014,106.73,Visa,143.193.248.167
838,838,09/15/2020,233.91,Mastercard,188.253.157.174
839,839,06/25/2023,290.33,Venmo,129.192.46.250
840,840,12/20/2021,135.41,Visa,51.252.111.7
841,841,04/14/2024,221.01,Visa,21.98.217.135
842,842,05/21/2014,192.95,Cash,
843,843,06/10/2017,84.56,Visa,153.239.115.11
844,844,10/30/2022,209.25,Visa,154.62.36.85
845,845,02/10/2021,282.41,Amex,192.193.247.93
846,846,11/07/2020,270.25,Visa,21.214.226.132
847,847,12/29/2023,36.35,Amex,188.93.73.162
848,848,09/27/2020,225.30,Cash,
849,849,04/15/2019,90.37,Cash,
850,850,01/05/2024,293.76,Visa,193.96.158.189
851,851,07/21/2022,209.10,Cash,
852,852,11/02/2019,244.45,Venmo,141.174.242.4
853,853,09/20/2018,48.67,Cash,
854,854,06/29/2019,170.52,Visa,249.153.189.43
855,855,06/10/2018,230.58,Cash,
856,856,08/24/2014,259.71,Venmo,83.141.155.212
857,857,06/20/2019,90.84,Venmo,0.220.2.70
858,858,12/07/2019,214.31,Venmo,31.133.97.10
859,859,08/07/2023,210.21,Cash,
860,860,01/07/2020,162.97,Cash,
861,861,11/20/2018,111.13,Mastercard,49.27.6.76
862,862,02/20/2017,181.03,Visa,115.192.161.166
863,863,07/07/2016,249.10,Visa,17.201.251.4
864,864,03/05/2015,67.70,Cash,
865,865,07/28/2023,85.03,Venmo,185.131.6.151
866,866,06/18/2015,126.52,Venmo,80.212.45.202
867,867,11/02/2017,206.12,Visa,77.226.99.136
868,868,07/04/2015,130.81,Venmo,237.235.84.91
869,869,01/29/2024,110.07,Amex,87.233.194.28
870,870,12/29/2021,157.77,Visa,223.38.247.230
871,871,11/16/2017,99.80,Mastercard,143.215.86.55
872,872,09/09/2018,168.95,Visa,252.41.172.107
873,873,07/05/2019,288.11,Visa,177.29.164.249
874,874,03/08/2016,193.76,Visa,249.25.133.0
875,875,12/09/2017,100.22,Cash,
876,876,12/22/2023,228.45,Amex,5.119.20.194
877,877,08/19/2021,123.87,Venmo,118.23.214.191
878,878,07/21/2014,155.35,Mastercard,35.211.109.122
879,879,03/28/2018,206.03,Cash,
880,880,01/24/2016,135.67,Mastercard,174.87.214.97
881,881,01/13/2019,182.24,Mastercard,74.206.140.169
882,882,11/09/2021,100.37,Visa,197.153.23.244
883,883,06/19/2014,291.71,Visa,195.208.175.92
884,884,12/04/2021,33.69,Amex,104.231.153.45
885,885,02/02/2014,130.96,Amex,170.206.211.67
886,886,07/26/2019,149.91,Cash,
887,887,11/30/2019,180.20,Venmo,80.115.109.59
888,888,12/21/2022,71.69,Cash,
889,889,11/02/2017,90.57,Cash,
890,890,01/28/2014,265.93,Visa,142.2.26.239
891,891,03/19/2024,200.47,Amex,165.197.40.2
892,892,11/15/2014,276.10,Mastercard,196.83.115.162
893,893,11/02/2014,296.48,Visa,62.172.15.48
894,894,05/12/2017,211.34,Mastercard,48.171.107.151
895,895,09/08/2019,63.90,Mastercard,1.255.204.47
896,896,06/10/2016,295.60,Cash,
897,897,11/01/2018,155.93,Amex,109.56.214.251
898,898,06/18/2020,54.92,Cash,
899,899,11/17/2019,267.87,Amex,15.226.93.183
900,900,08/06/2023,133.41,Venmo,160.145.41.60
901,901,04/08/2018,196.83,Amex,60.19.44.234
902,902,01/18/2015,134.85,Amex,120.243.200.232
903,903,04/30/2015,154.64,Amex,202.206.233.109
904,904,02/21/2021,67.24,Venmo,65.117.135.191
905,905,05/27/2021,262.18,Cash,
906,906,09/27/2019,118.08,Visa,6.82.140.8
907,907,08/28/2014,95.70,Cash,
908,908,04/19/2024,35.26,Mastercard,180.233.67.229
909,909,04/21/2016,171.21,Venmo,78.153.179.36
910,910,05/29/2015,205.22,Venmo,182.178.111.178
911,911,06/05/2020,171.45,Visa,217.125.137.95
912,912,08/22/2017,160.77,Visa,79.105.50.164
913,913,08/28/2023,285.06,Cash,
914,914,03/23/2019,271.39,Amex,63.164.222.46
915,915,04/11/2021,61.91,Venmo,200.138.48.141
916,916,12/25/2014,158.70,Amex,176.85.212.204
917,917,03/17/2016,67.30,Venmo,234.21.79.86
918,918,05/06/2015,166.29,Mastercard,7.207.197.136
919,919,07/03/2023,255.55,Amex,161.226.171.225
920,920,02/10/2020,237.30,Mastercard,75.46.155.145
921,921,05/06/2020,59.78,Venmo,8.119.71.127
922,922,04/22/2017,210.52,Amex,188.177.85.42
923,923,09/25/2022,96.91,Cash,
924,924,09/08/2014,281.87,Cash,
925,925,05/12/2017,68.73,Mastercard,207.97.44.105
926,926,08/09/2016,122.94,Venmo,136.157.198.170
927,927,10/27/2014,209.20,Cash,
928,928,08/14/2018,118.95,Venmo,32.54.243.183
929,929,10/11/2022,227.26,Mastercard,138.236.11.153
930,930,04/01/2023,157.79,Visa,199.252.125.68
931,931,05/05/2014,207.85,Cash,
932,932,01/24/2015,204.65,Visa,147.44.158.173
933,933,01/29/2024,184.83,Amex,30.88.155.68
934,934,05/23/2015,140.46,Mastercard,168.135.218.113
935,935,10/09/2015,72.46,Visa,239.189.106.201
936,936,04/18/2015,130.41,Mastercard,202.51.51.200
937,937,05/12/2020,243.77,Venmo,114.25.86.164
938,938,03/28/2015,67.49,Cash,
939,939,11/18/2018,202.73,Visa,206.80.223.201
940,940,01/27/2016,120.13,Visa,209.107.224.171
941,941,07/12/2018,156.99,Visa,8.112.159.24
942,942,02/05/2020,65.22,Amex,253.207.49.39
943,943,08/19/2018,89.87,Cash,
944,944,10/31/2016,58.40,Mastercard,86.144.216.223
945,945,03/27/2021,149.83,Cash,
946,946,06/11/2016,161.10,Mastercard,34.45.26.108
947,947,09/22/2023,40.07,Cash,
948,948,12/19/2015,166.25,Mastercard,166.16.238.109
949,949,08/19/2017,252.79,Visa,164.19.177.123
950,950,12/30/2018,94.14,Mastercard,172.19.164.7
951,951,02/07/2024,146.23,Amex,113.140.141.82
952,952,08/21/2023,269.82,Venmo,188.181.23.119
953,953,05/30/2021,169.44,Venmo,183.33.110.208
954,954,07/19/2020,143.97,Venmo,242.108.11.9
955,955,03/25/2021,225.31,Visa,166.190.14.39
956,956,06/15/2020,175.05,Cash,
957,957,02/06/2014,219.47,Venmo,45.108.224.230
958,958,06/23/2014,120.93,Amex,2.106.119.58
959,959,04/24/2018,74.47,Visa,52.69.123.250
960,960,08/10/2015,50.55,Amex,142.198.80.26
961,961,02/16/2021,70.19,Venmo,175.45.62.218
962,962,04/09/2018,79.16,Amex,83.191.93.140
963,963,10/21/2014,130.11,Visa,178.73.249.121
964,964,08/16/2016,227.19,Venmo,128.51.108.138
965,965,12/29/2023,241.46,Mastercard,115.93.52.234
966,966,05/28/2014,248.14,Cash,
967,967,02/20/2022,56.18,Visa,235.130.246.160
968,968,07/12/2021,43.20,Mastercard,15.235.160.251
969,969,10/08/2020,213.23,Venmo,240.31.223.249
970,970,04/29/2016,223.29,Amex,72.175.52.213
971,971,01/07/2014,165.61,Mastercard,204.86.180.11
972,972,03/30/2017,86.03,Visa,49.31.54.76
973,973,08/14/2021,54.31,Mastercard,80.18.116.250
974,974,03/15/2023,167.02,Visa,169.93.236.50
975,975,04/23/2018,273.85,Visa,69.196.88.158
976,976,10/20/2020,265.71,Amex,180.212.113.242
977,977,02/15/2019,225.18,Venmo,212.130.243.110
978,978,02/04/2022,80.76,Amex,41.20.129.4
979,979,04/04/2015,200.88,Amex,238.25.2.128
980,980,09/22/2014,94.94,Mastercard,50.166.71.215
981,981,04/11/2024,294.82,Venmo,11.218.113.150
982,982,05/17/2020,144.03,Cash,
983,983,06/11/2019,115.27,Venmo,195.126.82.243
984,984,11/08/2020,258.34,Venmo,52.175.85.194
985,985,01/08/2022,221.54,Amex,89.156.26.207
986,986,03/20/2017,183.78,Visa,44.161.83.207
987,987,07/13/2020,103.84,Cash,
988,988,06/27/2022,168.98,Visa,10.144.162.141
989,989,07/10/2019,166.34,Mastercard,97.145.122.57
990,990,06/25/2017,34.04,Visa,14.163.49.81
991,991,05/05/2016,130.73,Venmo,136.218.252.151
992,992,11/14/2015,155.16,Visa,101.146.164.181
993,993,05/29/2014,252.71,Amex,103.254.21.140
994,994,05/07/2020,181.01,Cash,
995,995,11/23/2023,160.42,Venmo,71.117.55.17
996,996,04/25/2016,161.81,Visa,100.101.143.192
997,997,12/18/2021,107.17,Cash,
998,998,03/14/2018,225.22,Venmo,216.125.213.75
999,999,05/08/2021,91.90,Cash,
1000,1000,12/02/2021,226.69,Amex,177.138.117.41
